name,price,isAvailable,category,seller_id
Spend truth,64.26,WITHDRAWN,STUG,1
Matter three,936.1,WITHDRAWN,CLOTHES,1
Letter north,93.24,OUT_OF_STOCK,CLOTHES,2
Idea call once,718.2,WITHDRAWN,STUG,2
He cost,205.3,AVAILABLE,CLOTHES,1
Someone fall,322.07,WITHDRAWN,SPORT,1
Above finish,973.96,WITHDRAWN,PANZER,2
Lead yet voice,676.82,OUT_OF_STOCK,PANZER,2
Fire grow,952.45,WITHDRAWN,CLOTHES,2
Camera tell,37.54,OUT_OF_STOCK,SPORT,1
Leave window,125.9,OUT_OF_STOCK,CLOTHES,2
Who game edge,819.51,OUT_OF_STOCK,CLOTHES,2
Wide adult,279.06,WITHDRAWN,CLOTHES,1
Admit happy,505.86,OUT_OF_STOCK,STUG,2
Similar who,357.64,AVAILABLE,STUG,2
Mouth wear,524.64,AVAILABLE,STUG,2
Size yeah,339.81,AVAILABLE,STUG,2
His always,782.29,WITHDRAWN,PANZER,2
Traditional,893.7,OUT_OF_STOCK,SPORT,1
Card foreign,707.62,OUT_OF_STOCK,PANZER,2
Could guy,962.81,WITHDRAWN,PANZER,2
Central quite,929.35,OUT_OF_STOCK,PANZER,1
Southern skill,735.86,WITHDRAWN,STUG,1
These stage,976.53,OUT_OF_STOCK,PANZER,1
Various yeah,187.77,WITHDRAWN,PANZER,1
Claim charge,746.03,OUT_OF_STOCK,SPORT,1
Half star land,155.43,WITHDRAWN,STUG,1
Interesting,573.36,OUT_OF_STOCK,STUG,2
Goal,103.8,WITHDRAWN,SPORT,1
Least firm,68.94,OUT_OF_STOCK,PANZER,1
Yet live range,760.81,WITHDRAWN,STUG,1
Size military,907.83,WITHDRAWN,STUG,2
Positive,794.74,WITHDRAWN,PANZER,1
Security,769.29,OUT_OF_STOCK,STUG,1
Build natural,439.69,OUT_OF_STOCK,SPORT,1
Large class,153.31,WITHDRAWN,SPORT,1
Camera against,805.34,OUT_OF_STOCK,STUG,1
Seem tend seek,906.72,OUT_OF_STOCK,PANZER,1
Present,257.34,OUT_OF_STOCK,CLOTHES,2
Beyond its,398.02,OUT_OF_STOCK,CLOTHES,2
Wall car fund,772.93,OUT_OF_STOCK,CLOTHES,1
Report add,197.93,OUT_OF_STOCK,CLOTHES,2
Act course sit,137.07,OUT_OF_STOCK,PANZER,2
Member bed,210.39,WITHDRAWN,STUG,2
Pressure,29.02,AVAILABLE,PANZER,1
See street,505.31,AVAILABLE,SPORT,2
Practice,760.97,WITHDRAWN,STUG,2
Free notice,163.8,AVAILABLE,CLOTHES,2
Name help,987.82,AVAILABLE,SPORT,1
Relate itself,998.72,AVAILABLE,SPORT,2
Specific adult,65.35,OUT_OF_STOCK,STUG,2
Into hospital,590.48,OUT_OF_STOCK,SPORT,2
Boy audience,916.24,OUT_OF_STOCK,STUG,2
Tell both,323.45,WITHDRAWN,SPORT,2
Report husband,666.43,WITHDRAWN,PANZER,2
Order last,246.37,AVAILABLE,CLOTHES,1
Class return,749.18,WITHDRAWN,SPORT,1
World not,877.42,AVAILABLE,STUG,2
Listen admit,554.94,WITHDRAWN,PANZER,2
Enough,972.39,WITHDRAWN,STUG,2
Throw maybe,935.87,OUT_OF_STOCK,CLOTHES,1
Issue decade,275.76,AVAILABLE,CLOTHES,1
Open build,533.12,OUT_OF_STOCK,STUG,2
Clear expert,28.02,WITHDRAWN,STUG,2
South with,316.99,AVAILABLE,STUG,1
Course add,37.04,OUT_OF_STOCK,CLOTHES,1
Walk role,166.75,AVAILABLE,CLOTHES,1
Floor care,580.72,AVAILABLE,SPORT,1
Ever of any,159.34,OUT_OF_STOCK,PANZER,1
Floor land,16.26,OUT_OF_STOCK,STUG,2
Arm add seat,524.17,OUT_OF_STOCK,CLOTHES,1
Charge,205.72,OUT_OF_STOCK,SPORT,2
Surface,99.82,AVAILABLE,SPORT,1
Series sign,609.35,AVAILABLE,PANZER,2
Agent floor,905.5,WITHDRAWN,SPORT,2
Improve five,762.99,OUT_OF_STOCK,CLOTHES,1
Another pass,344.44,AVAILABLE,STUG,2
Feeling rest,274.27,AVAILABLE,STUG,1
Majority,535.05,WITHDRAWN,SPORT,1
Song memory,254.7,WITHDRAWN,PANZER,1
Project series,837.79,WITHDRAWN,SPORT,2
Agreement look,334.87,WITHDRAWN,SPORT,1
Read head,359.46,OUT_OF_STOCK,SPORT,1
Nothing TV,484.83,WITHDRAWN,STUG,1
Entire else,260.2,OUT_OF_STOCK,SPORT,1
Voice moment,678.77,AVAILABLE,SPORT,1
Federal degree,596.06,AVAILABLE,STUG,2
Born oil,895.24,AVAILABLE,PANZER,1
Take require,136.27,AVAILABLE,CLOTHES,1
Land keep,145.09,OUT_OF_STOCK,PANZER,2
Raise herself,515.92,WITHDRAWN,CLOTHES,1
Thought base,762.32,AVAILABLE,STUG,2
Ask lot in,899.13,AVAILABLE,CLOTHES,1
Old thank,819.54,WITHDRAWN,CLOTHES,2
This quite,500.99,WITHDRAWN,PANZER,1
Today full,401.53,AVAILABLE,PANZER,1
Mean,371.08,AVAILABLE,SPORT,1
Develop its,652.2,AVAILABLE,PANZER,1
Various remain,327.68,OUT_OF_STOCK,SPORT,2
Still no,96.2,AVAILABLE,PANZER,2
Table none,550.31,AVAILABLE,SPORT,2
Room cause,856.27,AVAILABLE,CLOTHES,1
Campaign,34.56,WITHDRAWN,PANZER,2
So rock her,981.39,AVAILABLE,SPORT,1
Challenge,594.35,WITHDRAWN,PANZER,2
Forward,155.02,OUT_OF_STOCK,SPORT,2
Cost how fill,878.32,OUT_OF_STOCK,CLOTHES,2
Book industry,97.28,AVAILABLE,SPORT,2
Environmental,956.22,WITHDRAWN,SPORT,2
Full color,797.81,WITHDRAWN,STUG,2
More focus her,829.83,OUT_OF_STOCK,CLOTHES,1
Visit age man,623.31,AVAILABLE,STUG,1
Rise method,441.69,AVAILABLE,STUG,2
Industry news,945.0,OUT_OF_STOCK,STUG,1
Family ball,983.66,AVAILABLE,CLOTHES,1
Save win mouth,294.18,AVAILABLE,PANZER,1
Shoulder most,432.61,OUT_OF_STOCK,PANZER,2
Sister worry,357.96,WITHDRAWN,PANZER,1
War several,37.84,AVAILABLE,CLOTHES,1
Century simple,519.51,OUT_OF_STOCK,PANZER,1
Material,784.45,AVAILABLE,SPORT,2
Gas despite,108.58,OUT_OF_STOCK,CLOTHES,1
Pay place,737.73,AVAILABLE,CLOTHES,1
Control value,32.36,AVAILABLE,STUG,2
Fight also,146.83,WITHDRAWN,PANZER,1
Practice,24.71,OUT_OF_STOCK,CLOTHES,2
Again course,934.94,WITHDRAWN,PANZER,1
Note heart,656.5,WITHDRAWN,CLOTHES,2
Figure happen,295.75,AVAILABLE,STUG,2
Both,481.94,WITHDRAWN,CLOTHES,2
Fact before,449.35,AVAILABLE,STUG,1
Land nature,836.47,OUT_OF_STOCK,PANZER,2
Foot member,48.29,OUT_OF_STOCK,PANZER,2
Season listen,417.48,WITHDRAWN,PANZER,1
Role,614.29,WITHDRAWN,STUG,2
Onto color,310.46,WITHDRAWN,SPORT,1
Debate remain,392.63,OUT_OF_STOCK,STUG,1
Example place,132.09,OUT_OF_STOCK,CLOTHES,2
Condition sort,587.58,OUT_OF_STOCK,STUG,1
Full thought,147.55,AVAILABLE,CLOTHES,2
His shoulder,228.94,AVAILABLE,CLOTHES,1
Standard,418.56,AVAILABLE,CLOTHES,1
Realize seven,327.7,AVAILABLE,STUG,1
Chair like,957.82,AVAILABLE,CLOTHES,2
Beyond,222.83,OUT_OF_STOCK,CLOTHES,2
Order discuss,964.14,WITHDRAWN,STUG,2
Cut your,108.72,WITHDRAWN,CLOTHES,2
White now,515.32,OUT_OF_STOCK,CLOTHES,1
Analysis site,136.66,OUT_OF_STOCK,PANZER,2
Full ten,968.41,WITHDRAWN,PANZER,1
Hospital firm,352.93,AVAILABLE,PANZER,2
Magazine eye,223.99,AVAILABLE,PANZER,2
Level not,743.24,AVAILABLE,SPORT,2
Science,928.15,AVAILABLE,STUG,2
Service artist,900.13,OUT_OF_STOCK,STUG,2
Statement,147.33,AVAILABLE,STUG,2
Technology,460.58,WITHDRAWN,STUG,1
Structure take,760.11,OUT_OF_STOCK,CLOTHES,1
Language what,784.37,AVAILABLE,SPORT,2
New language,295.13,AVAILABLE,SPORT,2
This TV hear,48.52,OUT_OF_STOCK,STUG,1
Method,737.81,AVAILABLE,SPORT,1
Inside should,109.32,OUT_OF_STOCK,PANZER,2
Ready relate,290.3,WITHDRAWN,SPORT,1
Appear explain,521.43,OUT_OF_STOCK,SPORT,1
Discussion,853.67,WITHDRAWN,CLOTHES,2
Few can,206.25,AVAILABLE,PANZER,1
Same either,274.52,AVAILABLE,PANZER,2
Able read,363.89,WITHDRAWN,CLOTHES,2
Help someone,642.66,OUT_OF_STOCK,STUG,2
Window ahead,659.68,OUT_OF_STOCK,SPORT,2
Feeling,216.2,OUT_OF_STOCK,STUG,1
Store sing,207.02,WITHDRAWN,STUG,2
Ability,312.05,WITHDRAWN,CLOTHES,1
Should health,722.97,WITHDRAWN,SPORT,1
Woman occur,356.41,OUT_OF_STOCK,SPORT,2
Fund paper,87.06,WITHDRAWN,CLOTHES,1
Those end,745.98,WITHDRAWN,SPORT,2
All section,520.89,OUT_OF_STOCK,STUG,2
Few take onto,261.08,AVAILABLE,STUG,1
South security,315.55,WITHDRAWN,SPORT,2
Easy want I,734.01,OUT_OF_STOCK,STUG,1
Just friend,217.21,OUT_OF_STOCK,PANZER,1
Car happy,868.05,WITHDRAWN,SPORT,2
Bank media,39.02,AVAILABLE,CLOTHES,1
Late little,838.52,WITHDRAWN,CLOTHES,1
Already admit,722.02,OUT_OF_STOCK,STUG,1
Knowledge,531.35,AVAILABLE,PANZER,2
Position,707.05,AVAILABLE,CLOTHES,1
Support,89.8,WITHDRAWN,SPORT,1
Table quickly,763.82,WITHDRAWN,PANZER,2
Reach blue,747.42,OUT_OF_STOCK,STUG,2
Poor morning,434.28,AVAILABLE,PANZER,1
Care animal,664.45,WITHDRAWN,PANZER,1
Herself family,231.96,OUT_OF_STOCK,SPORT,1
May physical,404.71,OUT_OF_STOCK,PANZER,1
Carry road,71.69,AVAILABLE,CLOTHES,2
Commercial,667.64,OUT_OF_STOCK,SPORT,1
Voice most,7.59,WITHDRAWN,STUG,1
Bring couple,885.39,WITHDRAWN,STUG,2
Show off,806.92,AVAILABLE,SPORT,1
Later smile,707.41,OUT_OF_STOCK,STUG,1
Point yourself,357.87,AVAILABLE,PANZER,2
College,44.11,AVAILABLE,SPORT,1
Eye window any,433.78,OUT_OF_STOCK,SPORT,1
Develop career,577.21,WITHDRAWN,CLOTHES,2
Guy,568.87,WITHDRAWN,CLOTHES,2
Father,957.38,AVAILABLE,STUG,2
Whose,809.41,OUT_OF_STOCK,STUG,1
Only exactly,995.83,AVAILABLE,SPORT,1
Just base TV,206.41,AVAILABLE,STUG,1
Hotel,805.66,AVAILABLE,CLOTHES,2
Forget simply,89.93,AVAILABLE,SPORT,1
Fly civil girl,191.75,OUT_OF_STOCK,STUG,2
Provide big,891.19,AVAILABLE,CLOTHES,1
Behavior price,273.45,WITHDRAWN,STUG,1
History sea,802.67,WITHDRAWN,PANZER,2
Across,120.03,WITHDRAWN,SPORT,1
Draw daughter,857.4,OUT_OF_STOCK,STUG,2
Feel water old,653.84,AVAILABLE,STUG,2
Again,370.21,AVAILABLE,SPORT,2
Physical fall,373.31,AVAILABLE,CLOTHES,2
Size beyond,359.55,WITHDRAWN,PANZER,2
Hotel child,371.16,WITHDRAWN,CLOTHES,1
Center begin,61.84,WITHDRAWN,PANZER,2
Rock home,608.99,WITHDRAWN,STUG,1
Reason strong,607.45,OUT_OF_STOCK,PANZER,2
Outside easy,296.12,OUT_OF_STOCK,STUG,2
Power ground,243.72,AVAILABLE,STUG,2
Eat one begin,632.67,WITHDRAWN,STUG,1
Whose lot,290.65,AVAILABLE,SPORT,2
Prepare skill,205.23,OUT_OF_STOCK,SPORT,2
Word thought,67.99,AVAILABLE,SPORT,1
Make approach,211.11,OUT_OF_STOCK,PANZER,2
Price wife,861.99,WITHDRAWN,SPORT,1
Decision,568.58,OUT_OF_STOCK,CLOTHES,2
Onto product,407.47,OUT_OF_STOCK,PANZER,1
Recognize item,637.34,WITHDRAWN,PANZER,1
Measure share,124.04,WITHDRAWN,STUG,1
Soon,853.33,AVAILABLE,CLOTHES,2
Fine,798.59,WITHDRAWN,SPORT,2
Necessary,752.48,AVAILABLE,STUG,1
Several matter,902.15,AVAILABLE,PANZER,2
Often bill,21.51,AVAILABLE,CLOTHES,2
Senior,253.57,AVAILABLE,STUG,2
Available arm,808.49,AVAILABLE,CLOTHES,1
Leader,829.82,AVAILABLE,STUG,1
Sea tend half,716.0,WITHDRAWN,STUG,2
Maybe,238.59,AVAILABLE,STUG,2
Seven dream,700.41,AVAILABLE,SPORT,2
Woman,759.21,OUT_OF_STOCK,PANZER,1
Station who,767.14,OUT_OF_STOCK,SPORT,1
Bring hope,526.18,OUT_OF_STOCK,CLOTHES,1
Grow far like,827.3,WITHDRAWN,PANZER,1
Understand,761.19,OUT_OF_STOCK,SPORT,1
Century during,279.5,AVAILABLE,PANZER,2
Catch,261.92,AVAILABLE,SPORT,2
Soon space leg,723.48,AVAILABLE,PANZER,1
TV director,348.74,AVAILABLE,CLOTHES,1
Success,839.75,OUT_OF_STOCK,CLOTHES,1
Step radio,395.76,WITHDRAWN,STUG,2
Away look site,966.35,OUT_OF_STOCK,PANZER,1
Toward accept,605.2,AVAILABLE,STUG,1
Own remain,657.52,WITHDRAWN,CLOTHES,1
Ten perhaps,328.64,AVAILABLE,SPORT,1
Instead issue,932.43,WITHDRAWN,PANZER,1
Question stay,405.35,OUT_OF_STOCK,CLOTHES,1
Employee three,739.66,WITHDRAWN,PANZER,1
Ago college,982.4,AVAILABLE,SPORT,1
Young too ask,894.99,AVAILABLE,PANZER,1
Reflect,334.65,WITHDRAWN,CLOTHES,2
Step,405.78,WITHDRAWN,STUG,1
Movie,898.64,WITHDRAWN,SPORT,1
Bring expert,831.37,OUT_OF_STOCK,PANZER,2
Statement,925.81,AVAILABLE,PANZER,2
Firm leader,411.46,OUT_OF_STOCK,PANZER,2
Later policy,901.98,OUT_OF_STOCK,SPORT,2
Feel mind,860.55,WITHDRAWN,PANZER,2
Control,506.39,AVAILABLE,CLOTHES,1
Month because,833.57,AVAILABLE,STUG,2
Both base into,988.76,WITHDRAWN,PANZER,1
Lay eight,414.47,WITHDRAWN,STUG,2
Future,715.19,WITHDRAWN,PANZER,2
Who city close,226.27,OUT_OF_STOCK,CLOTHES,2
Act high,82.97,WITHDRAWN,SPORT,1
Without term,901.53,AVAILABLE,PANZER,1
Consider real,474.99,AVAILABLE,STUG,2
Situation air,623.11,OUT_OF_STOCK,STUG,1
Water way city,123.85,WITHDRAWN,SPORT,1
View enter,453.41,OUT_OF_STOCK,CLOTHES,1
Occur brother,374.15,WITHDRAWN,STUG,1
View direction,355.72,AVAILABLE,SPORT,2
Research,913.37,WITHDRAWN,PANZER,1
Official,975.45,OUT_OF_STOCK,STUG,1
Outside parent,213.12,OUT_OF_STOCK,STUG,1
I employee,218.32,WITHDRAWN,SPORT,1
Official,444.21,AVAILABLE,PANZER,1
Speak nor,591.36,WITHDRAWN,STUG,1
Mrs activity,16.03,OUT_OF_STOCK,STUG,1
Side the read,973.38,OUT_OF_STOCK,STUG,1
Our as hair,290.3,AVAILABLE,PANZER,2
Pay when,17.17,WITHDRAWN,STUG,2
Practice,102.31,AVAILABLE,STUG,2
Suggest might,984.06,AVAILABLE,STUG,1
True sense box,289.53,WITHDRAWN,STUG,2
Exactly adult,267.19,WITHDRAWN,CLOTHES,1
Season state,914.19,WITHDRAWN,PANZER,1
Learn anything,619.03,WITHDRAWN,PANZER,1
Industry main,672.98,OUT_OF_STOCK,SPORT,2
Goal class,675.1,WITHDRAWN,SPORT,1
Campaign,618.01,AVAILABLE,PANZER,2
Common check,618.9,OUT_OF_STOCK,SPORT,2
Job other,50.95,WITHDRAWN,CLOTHES,1
Pressure worry,496.94,OUT_OF_STOCK,PANZER,2
Nothing,398.38,WITHDRAWN,CLOTHES,1
Thank evidence,381.57,WITHDRAWN,STUG,2
Door least,117.72,AVAILABLE,CLOTHES,2
Impact,72.1,WITHDRAWN,PANZER,2
Former the,10.1,AVAILABLE,SPORT,1
Run wind,952.13,WITHDRAWN,PANZER,1
Store article,290.56,OUT_OF_STOCK,PANZER,1
Hold party,630.41,AVAILABLE,CLOTHES,1
Star heavy,315.93,AVAILABLE,STUG,2
Government,147.12,WITHDRAWN,SPORT,2
Discover else,315.09,WITHDRAWN,CLOTHES,1
Person family,306.91,AVAILABLE,PANZER,2
Onto stay test,865.74,WITHDRAWN,SPORT,1
Indeed music,231.21,WITHDRAWN,STUG,2
First thank,893.0,WITHDRAWN,PANZER,2
Office produce,258.02,AVAILABLE,SPORT,1
Member would,740.85,WITHDRAWN,STUG,1
Case see and,249.88,OUT_OF_STOCK,PANZER,2
Rich while,758.11,AVAILABLE,SPORT,2
Oil agency,321.25,WITHDRAWN,PANZER,2
Brother me,8.21,AVAILABLE,STUG,2
Yes Republican,53.92,OUT_OF_STOCK,PANZER,1
Safe minute,70.75,AVAILABLE,SPORT,1
Purpose,194.2,WITHDRAWN,SPORT,2
Fly wear,91.83,WITHDRAWN,STUG,1
Move any no,383.35,OUT_OF_STOCK,PANZER,1
Power training,550.01,WITHDRAWN,PANZER,1
Matter,841.65,WITHDRAWN,PANZER,1
Their change,602.45,OUT_OF_STOCK,PANZER,1
Them morning,848.68,OUT_OF_STOCK,PANZER,1
Of time teach,850.48,AVAILABLE,CLOTHES,1
Office mother,248.41,OUT_OF_STOCK,CLOTHES,2
Push sometimes,712.23,OUT_OF_STOCK,STUG,1
Hear change,199.56,OUT_OF_STOCK,STUG,1
Bar drug each,543.91,WITHDRAWN,SPORT,1
Sometimes,549.17,WITHDRAWN,STUG,2
Hundred,269.87,OUT_OF_STOCK,SPORT,1
Country agree,614.97,OUT_OF_STOCK,PANZER,2
Side thing,580.33,WITHDRAWN,PANZER,2
Perhaps,303.49,WITHDRAWN,SPORT,2
Cup everything,813.52,WITHDRAWN,STUG,1
Whose ball,609.63,WITHDRAWN,CLOTHES,2
Town long grow,638.69,WITHDRAWN,STUG,1
Color sense,14.14,AVAILABLE,SPORT,1
No until,677.99,OUT_OF_STOCK,CLOTHES,2
Call amount,772.17,OUT_OF_STOCK,SPORT,2
Statement,530.31,AVAILABLE,CLOTHES,2
Each offer,615.14,OUT_OF_STOCK,CLOTHES,2
Exactly gas,376.82,AVAILABLE,SPORT,2
Follow from,870.76,OUT_OF_STOCK,STUG,2
Return word,989.29,WITHDRAWN,PANZER,1
Cell a another,37.86,AVAILABLE,SPORT,2
Name would,565.22,AVAILABLE,SPORT,1
Poor attention,175.9,OUT_OF_STOCK,CLOTHES,2
Letter police,527.96,AVAILABLE,CLOTHES,2
Stop north,928.93,AVAILABLE,STUG,2
Face finish,308.13,WITHDRAWN,SPORT,2
Short down,183.89,OUT_OF_STOCK,SPORT,2
Allow talk guy,309.95,OUT_OF_STOCK,CLOTHES,1
However sister,641.17,WITHDRAWN,SPORT,1
Partner couple,109.03,AVAILABLE,PANZER,1
While magazine,863.97,WITHDRAWN,CLOTHES,1
Lawyer TV can,144.09,OUT_OF_STOCK,PANZER,1
Serve almost,256.81,WITHDRAWN,PANZER,1
Push country,817.03,AVAILABLE,PANZER,2
Make similar,516.94,WITHDRAWN,PANZER,1
Thing,700.1,AVAILABLE,SPORT,1
Still our,248.18,OUT_OF_STOCK,CLOTHES,2
Law cut onto,364.58,OUT_OF_STOCK,PANZER,2
Arm firm treat,602.71,OUT_OF_STOCK,STUG,1
Hand material,439.85,OUT_OF_STOCK,CLOTHES,2
Ok miss there,202.5,OUT_OF_STOCK,STUG,2
Company spend,653.36,AVAILABLE,CLOTHES,1
Raise whom,223.79,WITHDRAWN,STUG,1
Eat key,984.04,WITHDRAWN,STUG,2
Seem for,760.45,OUT_OF_STOCK,PANZER,2
Happy within,713.47,AVAILABLE,STUG,2
Either hard,32.82,OUT_OF_STOCK,CLOTHES,2
Piece just,868.77,AVAILABLE,STUG,1
Somebody feel,534.61,AVAILABLE,PANZER,2
Management,351.5,WITHDRAWN,CLOTHES,2
Draw staff,67.18,OUT_OF_STOCK,SPORT,1
Look fight,436.05,AVAILABLE,SPORT,1
Notice others,996.39,AVAILABLE,CLOTHES,1
Common more,618.4,WITHDRAWN,CLOTHES,2
Officer,456.3,AVAILABLE,PANZER,2
Hundred,642.08,AVAILABLE,SPORT,2
Yourself fish,7.52,AVAILABLE,SPORT,1
Remember voice,294.17,WITHDRAWN,STUG,2
Agent case,262.84,AVAILABLE,PANZER,1
Own its eight,497.74,AVAILABLE,CLOTHES,2
Herself per,814.1,OUT_OF_STOCK,SPORT,2
Five let,120.71,OUT_OF_STOCK,CLOTHES,2
True policy,233.78,AVAILABLE,STUG,1
Run stage man,282.19,WITHDRAWN,STUG,1
Tough another,108.6,AVAILABLE,PANZER,2
Form three,761.37,WITHDRAWN,STUG,1
Dinner,626.47,AVAILABLE,STUG,2
On current for,192.61,AVAILABLE,SPORT,2
Risk second,262.91,AVAILABLE,STUG,1
Pull herself,790.94,WITHDRAWN,PANZER,1
Rather whole,390.14,WITHDRAWN,CLOTHES,1
Age arrive,679.23,AVAILABLE,CLOTHES,1
Act oil step,670.13,OUT_OF_STOCK,SPORT,1
Matter detail,471.77,AVAILABLE,SPORT,1
Scene model,889.55,OUT_OF_STOCK,SPORT,1
Production pay,113.3,OUT_OF_STOCK,SPORT,1
Production,70.03,WITHDRAWN,SPORT,1
Similar,790.98,AVAILABLE,SPORT,1
Moment,174.89,AVAILABLE,CLOTHES,2
Animal first,183.4,OUT_OF_STOCK,STUG,2
Energy,676.37,AVAILABLE,SPORT,1
Daughter,764.69,AVAILABLE,CLOTHES,1
Popular,154.08,WITHDRAWN,PANZER,2
List much whom,536.53,AVAILABLE,SPORT,2
Mother,817.62,WITHDRAWN,CLOTHES,2
Herself thus,62.28,OUT_OF_STOCK,STUG,1
Sea early,224.51,OUT_OF_STOCK,CLOTHES,2
Hospital go,112.14,OUT_OF_STOCK,SPORT,2
Child against,22.45,OUT_OF_STOCK,PANZER,2
Happy,699.11,OUT_OF_STOCK,PANZER,2
Full describe,288.04,WITHDRAWN,SPORT,1
Civil decision,761.5,WITHDRAWN,CLOTHES,2
Sea per still,918.16,OUT_OF_STOCK,PANZER,2
College PM sit,671.84,AVAILABLE,PANZER,2
Deal evening,782.01,OUT_OF_STOCK,SPORT,1
Go next father,362.34,AVAILABLE,PANZER,2
I subject,920.94,WITHDRAWN,PANZER,1
Case player,370.47,AVAILABLE,CLOTHES,1
Go ability,831.14,AVAILABLE,PANZER,2
Describe from,136.6,AVAILABLE,SPORT,1
Cup people,679.09,WITHDRAWN,PANZER,2
Woman least,625.83,OUT_OF_STOCK,SPORT,1
Few hospital,29.22,OUT_OF_STOCK,SPORT,2
Sister it,406.81,OUT_OF_STOCK,SPORT,1
We they make,968.75,AVAILABLE,SPORT,2
Green,25.6,AVAILABLE,PANZER,1
Standard wrong,205.72,WITHDRAWN,PANZER,2
Especially,943.68,AVAILABLE,CLOTHES,1
Friend,749.47,OUT_OF_STOCK,CLOTHES,2
Office between,419.36,AVAILABLE,SPORT,2
Each carry,930.98,OUT_OF_STOCK,SPORT,1
Team space,248.57,WITHDRAWN,STUG,1
Statement,165.71,OUT_OF_STOCK,PANZER,2
Catch just,186.2,AVAILABLE,SPORT,2
Social near,523.19,OUT_OF_STOCK,STUG,2
Physical,234.95,OUT_OF_STOCK,STUG,1
Safe during,628.09,OUT_OF_STOCK,CLOTHES,2
Indicate since,755.65,WITHDRAWN,SPORT,1
Where claim,279.5,OUT_OF_STOCK,PANZER,2
White more lot,968.2,AVAILABLE,SPORT,2
Street gun,343.91,AVAILABLE,STUG,2
Cover each,134.55,OUT_OF_STOCK,STUG,1
Develop some,724.48,OUT_OF_STOCK,CLOTHES,2
Go answer race,24.49,WITHDRAWN,SPORT,2
Current,111.02,AVAILABLE,CLOTHES,2
Improve series,985.37,AVAILABLE,STUG,1
Senior,348.63,AVAILABLE,CLOTHES,1
Policy level,2.25,OUT_OF_STOCK,PANZER,1
Oil population,25.31,OUT_OF_STOCK,SPORT,1
Whose dog seat,462.54,AVAILABLE,SPORT,2
Environmental,456.49,OUT_OF_STOCK,SPORT,2
Effort color,234.24,OUT_OF_STOCK,CLOTHES,2
School since,601.28,OUT_OF_STOCK,STUG,1
Product,683.36,AVAILABLE,SPORT,2
Away interest,316.48,OUT_OF_STOCK,PANZER,1
Development,162.92,AVAILABLE,SPORT,1
Long section,266.02,WITHDRAWN,CLOTHES,2
History like,773.93,AVAILABLE,SPORT,2
Finally,963.82,AVAILABLE,SPORT,1
Wonder tell,589.45,WITHDRAWN,STUG,2
Relate girl,958.5,WITHDRAWN,CLOTHES,1
Certain detail,874.65,AVAILABLE,SPORT,1
Hundred,417.31,AVAILABLE,STUG,2
Beat tonight,171.29,OUT_OF_STOCK,STUG,1
Smile brother,405.66,OUT_OF_STOCK,SPORT,1
Different,805.66,AVAILABLE,CLOTHES,1
Inside accept,95.15,WITHDRAWN,SPORT,1
Throughout,924.29,WITHDRAWN,CLOTHES,1
Have win,397.99,AVAILABLE,CLOTHES,1
Some home,76.9,OUT_OF_STOCK,SPORT,1
Paper among,203.65,AVAILABLE,PANZER,2
Risk indeed,834.65,AVAILABLE,STUG,2
Give guess gun,792.2,OUT_OF_STOCK,STUG,1
Pay up face,183.46,OUT_OF_STOCK,PANZER,1
Similar road,167.76,AVAILABLE,PANZER,2
Serious chair,977.6,AVAILABLE,STUG,1
Drug region,1.14,OUT_OF_STOCK,STUG,2
Bill coach,322.93,WITHDRAWN,PANZER,2
Property,533.02,WITHDRAWN,STUG,2
Air along face,129.83,WITHDRAWN,SPORT,2
Democrat,722.76,WITHDRAWN,CLOTHES,2
Available,620.94,OUT_OF_STOCK,STUG,1
Piece minute,210.46,OUT_OF_STOCK,SPORT,1
Important own,611.09,AVAILABLE,CLOTHES,1
Culture staff,809.79,AVAILABLE,PANZER,1
Effort country,404.64,WITHDRAWN,CLOTHES,2
Behind be side,646.36,AVAILABLE,SPORT,1
Letter near,677.4,OUT_OF_STOCK,CLOTHES,1
Subject town,49.2,AVAILABLE,SPORT,1
Mr see recent,363.74,AVAILABLE,STUG,1
Final general,345.11,AVAILABLE,CLOTHES,1
Democrat thus,802.13,WITHDRAWN,SPORT,1
Officer at,964.43,OUT_OF_STOCK,CLOTHES,2
Cold society,562.76,WITHDRAWN,SPORT,1
Full arrive,23.44,WITHDRAWN,PANZER,2
Five talk,923.75,AVAILABLE,PANZER,1
Short some,892.11,AVAILABLE,CLOTHES,2
Dog woman,775.72,AVAILABLE,SPORT,2
Still sport,594.98,WITHDRAWN,STUG,1
Message world,1.12,OUT_OF_STOCK,STUG,1
Base official,444.23,WITHDRAWN,STUG,2
Hair market,66.88,OUT_OF_STOCK,STUG,1
Share discuss,668.86,OUT_OF_STOCK,SPORT,1
Bad feel,514.67,AVAILABLE,PANZER,2
List stuff,341.03,WITHDRAWN,CLOTHES,2
East well loss,105.63,OUT_OF_STOCK,STUG,2
Discuss way,190.11,OUT_OF_STOCK,SPORT,2
Nearly word,206.69,OUT_OF_STOCK,STUG,1
Clearly phone,939.12,AVAILABLE,PANZER,1
Successful,854.88,AVAILABLE,SPORT,2
Indicate,661.19,OUT_OF_STOCK,PANZER,1
Improve method,28.02,WITHDRAWN,PANZER,1
Model,817.46,AVAILABLE,PANZER,2
Cover long,785.89,WITHDRAWN,STUG,1
Foreign,462.62,OUT_OF_STOCK,STUG,2
Choice article,3.88,AVAILABLE,CLOTHES,1
Personal,87.94,OUT_OF_STOCK,SPORT,1
Real business,624.89,WITHDRAWN,PANZER,1
Issue,200.14,OUT_OF_STOCK,SPORT,2
Its rest once,991.09,WITHDRAWN,PANZER,2
Return speak,269.06,OUT_OF_STOCK,PANZER,2
Into,557.72,OUT_OF_STOCK,CLOTHES,1
Good building,947.75,WITHDRAWN,PANZER,2
Generation ok,931.39,WITHDRAWN,STUG,1
How difficult,408.75,AVAILABLE,CLOTHES,1
Difference,839.15,WITHDRAWN,PANZER,2
Whom lot,680.9,OUT_OF_STOCK,PANZER,2
My time full,117.68,OUT_OF_STOCK,SPORT,1
Light read,680.39,WITHDRAWN,CLOTHES,2
Choose some,57.29,OUT_OF_STOCK,STUG,1
Quickly nice,57.56,AVAILABLE,PANZER,2
Dog sing movie,600.96,OUT_OF_STOCK,PANZER,2
Everybody,346.8,WITHDRAWN,SPORT,2
Employee wrong,710.89,OUT_OF_STOCK,SPORT,1
Pass poor,884.6,OUT_OF_STOCK,SPORT,2
Claim Mrs no,937.1,OUT_OF_STOCK,STUG,1
Surface film,44.43,WITHDRAWN,PANZER,1
Example lose,781.28,AVAILABLE,PANZER,1
President end,929.55,WITHDRAWN,CLOTHES,2
Culture hot,877.86,AVAILABLE,CLOTHES,2
Else store,654.92,AVAILABLE,PANZER,2
Attorney wind,556.15,WITHDRAWN,SPORT,1
Training spend,613.44,WITHDRAWN,PANZER,1
Ability also,311.01,OUT_OF_STOCK,PANZER,2
Little effort,81.95,AVAILABLE,CLOTHES,1
Source,688.0,WITHDRAWN,SPORT,2
Loss position,586.67,WITHDRAWN,PANZER,1
Choose first,877.26,AVAILABLE,STUG,1
Get car,644.65,AVAILABLE,PANZER,2
Would brother,667.85,OUT_OF_STOCK,STUG,2
Stock instead,160.74,OUT_OF_STOCK,STUG,1
Feeling take,557.21,OUT_OF_STOCK,PANZER,1
Bag standard,713.15,OUT_OF_STOCK,PANZER,2
Agree other,874.55,OUT_OF_STOCK,SPORT,2
Investment,968.91,OUT_OF_STOCK,SPORT,1
Down employee,356.47,AVAILABLE,SPORT,1
Level major,109.07,OUT_OF_STOCK,STUG,2
Voice,444.42,AVAILABLE,STUG,2
Several,777.62,WITHDRAWN,STUG,1
It tend thing,786.78,WITHDRAWN,STUG,1
Our business,812.81,WITHDRAWN,SPORT,1
Mention tend,436.0,WITHDRAWN,SPORT,2
Rate dog fight,944.35,OUT_OF_STOCK,STUG,1
His carry such,416.0,WITHDRAWN,PANZER,1
My play act be,132.14,OUT_OF_STOCK,CLOTHES,2
But get summer,491.22,OUT_OF_STOCK,PANZER,2
Carry mean,837.85,WITHDRAWN,CLOTHES,2
Teacher fund,794.89,WITHDRAWN,CLOTHES,2
Include behind,882.8,AVAILABLE,SPORT,2
Wide policy,548.25,AVAILABLE,PANZER,1
Rest war quite,321.99,AVAILABLE,CLOTHES,2
More may thank,372.17,AVAILABLE,SPORT,2
Tell necessary,2.21,OUT_OF_STOCK,SPORT,1
Seat small,959.89,WITHDRAWN,STUG,2
Effort hotel,771.39,WITHDRAWN,SPORT,2
Person himself,394.25,OUT_OF_STOCK,PANZER,1
Popular reduce,482.12,AVAILABLE,SPORT,1
Car listen,589.84,AVAILABLE,PANZER,2
Event discuss,761.28,AVAILABLE,SPORT,1
Table defense,538.29,AVAILABLE,CLOTHES,1
Course reason,795.05,AVAILABLE,SPORT,1
Bank great,792.83,WITHDRAWN,SPORT,1
Call nation,752.11,AVAILABLE,PANZER,1
Conference,220.55,AVAILABLE,CLOTHES,1
I growth enjoy,725.93,WITHDRAWN,CLOTHES,2
Other group,49.08,AVAILABLE,CLOTHES,1
About side,269.93,WITHDRAWN,CLOTHES,1
Computer item,925.49,OUT_OF_STOCK,PANZER,1
Article where,255.92,WITHDRAWN,STUG,1
Whole where,575.13,OUT_OF_STOCK,STUG,1
Discussion,926.19,AVAILABLE,CLOTHES,2
Learn lot,297.14,AVAILABLE,PANZER,1
Work,865.23,WITHDRAWN,PANZER,1
Probably a,182.2,WITHDRAWN,PANZER,2
Scientist,839.33,AVAILABLE,PANZER,2
Feeling power,483.84,AVAILABLE,CLOTHES,2
Station image,942.12,AVAILABLE,STUG,1
Mr news then,600.08,OUT_OF_STOCK,STUG,1
Others prepare,523.03,OUT_OF_STOCK,SPORT,2
Continue a,131.94,AVAILABLE,STUG,2
Manager follow,145.33,OUT_OF_STOCK,PANZER,2
Cell part a,439.19,AVAILABLE,PANZER,1
Along year,691.15,OUT_OF_STOCK,STUG,1
Compare kind,985.65,AVAILABLE,STUG,1
Man state,147.59,OUT_OF_STOCK,PANZER,2
Just audience,56.36,WITHDRAWN,SPORT,2
Realize three,550.65,OUT_OF_STOCK,STUG,2
Require green,440.05,OUT_OF_STOCK,STUG,1
Education,906.99,OUT_OF_STOCK,CLOTHES,2
Staff serious,88.52,AVAILABLE,STUG,2
Debate now,154.66,WITHDRAWN,STUG,1
Middle exactly,861.97,AVAILABLE,STUG,2
Whether live,424.7,WITHDRAWN,PANZER,2
Design,357.44,OUT_OF_STOCK,STUG,2
Operation,745.31,WITHDRAWN,CLOTHES,1
Camera close,128.51,OUT_OF_STOCK,CLOTHES,1
Scene let sit,328.65,WITHDRAWN,CLOTHES,1
Reduce,470.26,AVAILABLE,PANZER,2
Mouth baby,685.97,OUT_OF_STOCK,PANZER,2
Life call,769.12,AVAILABLE,SPORT,1
Than yeah high,229.0,WITHDRAWN,CLOTHES,2
Discover find,941.81,AVAILABLE,SPORT,1
Outside,247.04,AVAILABLE,CLOTHES,2
See medical,884.69,OUT_OF_STOCK,PANZER,1
Democrat,969.57,AVAILABLE,CLOTHES,1
Product,284.87,OUT_OF_STOCK,CLOTHES,1
Third quickly,384.57,WITHDRAWN,PANZER,2
Leader,97.5,WITHDRAWN,PANZER,1
About position,128.02,AVAILABLE,STUG,1
Call at door,615.65,AVAILABLE,SPORT,1
Anything race,740.8,AVAILABLE,CLOTHES,1
Student,112.27,OUT_OF_STOCK,CLOTHES,1
Respond test,648.12,OUT_OF_STOCK,SPORT,1
Front,886.07,AVAILABLE,PANZER,1
Management,857.27,WITHDRAWN,STUG,2
All drop,589.03,OUT_OF_STOCK,PANZER,2
Memory arrive,361.64,OUT_OF_STOCK,PANZER,2
Write town,556.74,OUT_OF_STOCK,SPORT,1
Standard grow,424.21,AVAILABLE,CLOTHES,2
Sit idea fund,586.7,WITHDRAWN,STUG,2
Probably new,832.93,AVAILABLE,PANZER,1
Nation open,588.62,WITHDRAWN,STUG,2
Capital ahead,754.06,WITHDRAWN,STUG,2
Picture best,924.08,WITHDRAWN,STUG,2
Draw already,293.62,OUT_OF_STOCK,PANZER,2
Memory better,758.38,OUT_OF_STOCK,PANZER,1
Budget outside,835.78,AVAILABLE,SPORT,1
Building,827.41,AVAILABLE,CLOTHES,2
Coach before,442.6,OUT_OF_STOCK,CLOTHES,1
Station,509.46,WITHDRAWN,STUG,1
Plant point,668.13,OUT_OF_STOCK,PANZER,2
Skill control,825.78,WITHDRAWN,PANZER,2
Trial,637.01,OUT_OF_STOCK,STUG,2
Common,854.66,WITHDRAWN,PANZER,1
Defense always,824.72,OUT_OF_STOCK,CLOTHES,2
Keep tonight,483.93,AVAILABLE,STUG,2
Base ok,933.83,WITHDRAWN,STUG,1
Dream,342.81,WITHDRAWN,STUG,2
Little this,475.32,AVAILABLE,STUG,1
Over ten,994.31,AVAILABLE,STUG,1
Either animal,621.34,AVAILABLE,PANZER,2
Never else,247.67,OUT_OF_STOCK,PANZER,1
Event dark,141.95,WITHDRAWN,SPORT,1
Discuss,563.74,OUT_OF_STOCK,STUG,1
Herself accept,251.26,OUT_OF_STOCK,SPORT,1
Type message,876.36,AVAILABLE,SPORT,2
Wife TV attack,106.68,AVAILABLE,SPORT,1
Notice low,734.71,WITHDRAWN,STUG,1
Level involve,793.54,OUT_OF_STOCK,SPORT,2
Add,539.05,OUT_OF_STOCK,SPORT,1
Manage reveal,259.4,WITHDRAWN,CLOTHES,1
Fly plant,706.65,WITHDRAWN,SPORT,2
Conference,364.93,OUT_OF_STOCK,PANZER,2
Care defense,507.64,OUT_OF_STOCK,CLOTHES,1
Form effort,146.01,AVAILABLE,STUG,1
Simple ground,912.78,WITHDRAWN,PANZER,1
Perhaps just,933.57,WITHDRAWN,SPORT,1
Option moment,908.68,AVAILABLE,PANZER,2
Good,298.06,AVAILABLE,PANZER,1
Sign accept,711.31,AVAILABLE,CLOTHES,2
Base parent,69.95,AVAILABLE,SPORT,1
Official,748.36,AVAILABLE,PANZER,2
Safe property,333.97,WITHDRAWN,STUG,2
Increase teach,444.76,AVAILABLE,PANZER,2
Meet suddenly,547.08,OUT_OF_STOCK,CLOTHES,2
Prove friend,164.16,WITHDRAWN,PANZER,2
Size wind so,94.76,AVAILABLE,PANZER,2
Ever employee,535.94,WITHDRAWN,STUG,1
Forward bag,357.59,OUT_OF_STOCK,PANZER,1
State attack,925.18,OUT_OF_STOCK,STUG,2
Test travel,709.01,OUT_OF_STOCK,CLOTHES,1
Agency however,346.37,AVAILABLE,SPORT,2
Your seem fish,320.48,AVAILABLE,SPORT,2
Situation,359.4,WITHDRAWN,STUG,2
Year add heavy,130.11,WITHDRAWN,STUG,2
Benefit way,186.17,WITHDRAWN,PANZER,2
City eight,331.38,WITHDRAWN,PANZER,2
Candidate now,662.43,OUT_OF_STOCK,PANZER,1
Anyone want,437.65,OUT_OF_STOCK,STUG,1
Firm,308.69,AVAILABLE,PANZER,2
Sometimes same,453.9,AVAILABLE,SPORT,2
Learn ground,148.91,OUT_OF_STOCK,STUG,1
Way second,335.37,OUT_OF_STOCK,STUG,1
Save public,218.55,AVAILABLE,PANZER,1
Certainly,504.96,WITHDRAWN,PANZER,1
Between,745.28,WITHDRAWN,SPORT,2
Medical show,526.29,OUT_OF_STOCK,SPORT,2
Event always,173.34,AVAILABLE,CLOTHES,2
Yes fill,333.1,OUT_OF_STOCK,PANZER,1
Manager nation,628.48,AVAILABLE,SPORT,2
Argue behavior,568.4,OUT_OF_STOCK,PANZER,2
West no,116.3,WITHDRAWN,SPORT,2
Listen culture,703.57,WITHDRAWN,CLOTHES,2
Mind specific,118.64,OUT_OF_STOCK,STUG,2
Main study,540.58,WITHDRAWN,CLOTHES,2
Throughout,611.11,WITHDRAWN,SPORT,2
TV year,21.75,WITHDRAWN,SPORT,2
Over country,111.51,AVAILABLE,PANZER,2
Study example,629.84,WITHDRAWN,SPORT,1
Seat develop,437.39,WITHDRAWN,SPORT,1
Meeting,304.11,WITHDRAWN,STUG,2
Ground price,952.93,OUT_OF_STOCK,CLOTHES,1
Director radio,195.84,AVAILABLE,PANZER,1
Ahead these,513.14,WITHDRAWN,PANZER,2
Without voice,333.43,OUT_OF_STOCK,CLOTHES,2
Simply want,788.86,WITHDRAWN,STUG,1
Pay position,896.41,AVAILABLE,CLOTHES,1
Land care,218.32,OUT_OF_STOCK,SPORT,1
Sit down food,301.77,OUT_OF_STOCK,CLOTHES,1
Employee gas,938.43,AVAILABLE,PANZER,2
Strategy wife,321.57,AVAILABLE,CLOTHES,2
Space always,398.15,AVAILABLE,SPORT,2
Community,982.89,OUT_OF_STOCK,SPORT,2
Others will,363.93,AVAILABLE,PANZER,1
Stay per clear,150.97,AVAILABLE,CLOTHES,1
Throughout,711.61,OUT_OF_STOCK,SPORT,2
Truth west,689.68,AVAILABLE,STUG,2
Whole,760.39,AVAILABLE,SPORT,1
Help them,713.83,OUT_OF_STOCK,CLOTHES,2
Today game,292.36,AVAILABLE,STUG,1
Line actually,344.68,WITHDRAWN,PANZER,1
Life entire,254.83,AVAILABLE,PANZER,2
Live tonight,973.67,AVAILABLE,STUG,1
Authority,602.92,WITHDRAWN,PANZER,1
Order lose,393.55,AVAILABLE,PANZER,2
Book magazine,677.24,OUT_OF_STOCK,PANZER,1
Military,615.85,OUT_OF_STOCK,STUG,2
Yard contain,654.28,OUT_OF_STOCK,CLOTHES,1
Most someone,331.33,OUT_OF_STOCK,SPORT,2
Want consumer,85.07,OUT_OF_STOCK,CLOTHES,1
Service pretty,513.05,AVAILABLE,PANZER,1
Rate program,706.96,OUT_OF_STOCK,CLOTHES,2
Point media,759.35,OUT_OF_STOCK,PANZER,2
Lawyer little,990.46,OUT_OF_STOCK,STUG,1
Job too then,966.06,AVAILABLE,PANZER,1
Education,840.48,WITHDRAWN,CLOTHES,2
Realize thank,994.94,AVAILABLE,PANZER,1
Enjoy main,818.32,WITHDRAWN,CLOTHES,2
Name election,911.45,WITHDRAWN,PANZER,1
Require,371.28,WITHDRAWN,SPORT,2
Professor,722.45,OUT_OF_STOCK,CLOTHES,2
Teach each,343.73,AVAILABLE,STUG,2
Yard sell,912.82,WITHDRAWN,SPORT,1
Again face,276.95,AVAILABLE,STUG,2
Environmental,606.77,OUT_OF_STOCK,SPORT,1
Even present,335.45,WITHDRAWN,SPORT,1
Task such,964.21,AVAILABLE,CLOTHES,2
Fund tend,969.72,AVAILABLE,PANZER,1
Expert section,208.78,AVAILABLE,PANZER,2
When away,531.16,WITHDRAWN,CLOTHES,1
About raise,710.97,AVAILABLE,PANZER,2
Seek should,964.62,AVAILABLE,SPORT,2
Player hour,153.76,WITHDRAWN,CLOTHES,1
Future answer,130.0,WITHDRAWN,PANZER,1
Page admit,467.8,OUT_OF_STOCK,STUG,2
Answer think,982.98,WITHDRAWN,SPORT,1
Inside however,572.75,OUT_OF_STOCK,STUG,1
Call movement,289.35,WITHDRAWN,PANZER,1
Treatment,910.77,WITHDRAWN,SPORT,1
Should image,509.02,AVAILABLE,PANZER,1
Dream after,572.41,OUT_OF_STOCK,PANZER,1
Perhaps,672.37,OUT_OF_STOCK,STUG,1
Mention edge,978.85,OUT_OF_STOCK,SPORT,2
Threat society,11.55,AVAILABLE,STUG,2
Difference,316.38,OUT_OF_STOCK,CLOTHES,2
Wind land,978.89,OUT_OF_STOCK,PANZER,2
Financial card,21.88,OUT_OF_STOCK,PANZER,1
Season college,210.09,WITHDRAWN,CLOTHES,2
Safe garden,328.14,AVAILABLE,STUG,2
Mean interview,644.5,AVAILABLE,CLOTHES,1
Dinner I,403.02,AVAILABLE,STUG,2
Order north,387.95,WITHDRAWN,STUG,1
Past possible,942.52,OUT_OF_STOCK,PANZER,1
Three,247.09,OUT_OF_STOCK,SPORT,1
Cover month,983.86,WITHDRAWN,CLOTHES,2
Without,523.55,WITHDRAWN,STUG,2
Radio wide,521.92,AVAILABLE,PANZER,2
Organization,613.21,WITHDRAWN,SPORT,2
Into if,954.08,AVAILABLE,CLOTHES,1
Seven reality,118.24,AVAILABLE,STUG,2
Product owner,555.1,AVAILABLE,PANZER,2
View tonight,574.69,AVAILABLE,CLOTHES,2
Couple,864.62,OUT_OF_STOCK,SPORT,1
Thousand send,430.11,AVAILABLE,PANZER,2
Southern story,181.0,WITHDRAWN,SPORT,2
Another assume,991.69,AVAILABLE,SPORT,2
Term bad land,319.76,WITHDRAWN,PANZER,2
Ask long,117.87,WITHDRAWN,SPORT,1
Those outside,994.98,OUT_OF_STOCK,PANZER,1
Listen watch,202.15,WITHDRAWN,PANZER,1
Finally,968.74,WITHDRAWN,SPORT,1
Start suggest,602.26,AVAILABLE,STUG,2
Manage contain,261.15,AVAILABLE,STUG,1
Speech himself,321.61,OUT_OF_STOCK,PANZER,1
Lot officer,594.9,OUT_OF_STOCK,CLOTHES,1
Professor,688.07,WITHDRAWN,PANZER,2
Find perhaps,126.4,WITHDRAWN,STUG,2
Book huge,896.11,OUT_OF_STOCK,STUG,1
Coach check,510.49,WITHDRAWN,STUG,1
Pay medical,403.65,AVAILABLE,PANZER,2
Pay sign trial,662.91,WITHDRAWN,SPORT,2
Room,826.1,OUT_OF_STOCK,CLOTHES,2
Peace nation,631.24,AVAILABLE,SPORT,2
Mission entire,688.25,OUT_OF_STOCK,CLOTHES,2
Game green,296.04,WITHDRAWN,SPORT,1
Skin different,768.68,OUT_OF_STOCK,SPORT,2
Cover guy some,940.12,OUT_OF_STOCK,STUG,1
High born,577.67,AVAILABLE,SPORT,2
Appear suffer,921.29,WITHDRAWN,STUG,1
Federal page,530.42,WITHDRAWN,PANZER,1
TV with act,667.09,WITHDRAWN,CLOTHES,2
Name cut bank,97.24,WITHDRAWN,STUG,2
Into main only,320.69,OUT_OF_STOCK,PANZER,1
Explain,527.64,WITHDRAWN,STUG,2
Future value,391.47,OUT_OF_STOCK,PANZER,1
Medical,416.99,AVAILABLE,STUG,2
Herself,239.92,WITHDRAWN,PANZER,1
Not network,330.82,AVAILABLE,STUG,2
Officer dark,573.29,AVAILABLE,SPORT,1
Ok thus,575.12,OUT_OF_STOCK,STUG,2
Mission left,743.64,AVAILABLE,SPORT,1
Free imagine,804.24,OUT_OF_STOCK,CLOTHES,2
Health card,726.15,WITHDRAWN,PANZER,1
Gun work space,755.08,WITHDRAWN,STUG,2
Word where,954.87,WITHDRAWN,PANZER,1
Agent factor,774.22,WITHDRAWN,STUG,2
Dinner author,95.73,OUT_OF_STOCK,PANZER,1
Issue size,867.82,WITHDRAWN,CLOTHES,2
There,629.09,WITHDRAWN,STUG,1
Light nothing,459.57,WITHDRAWN,STUG,1
Institution,22.21,OUT_OF_STOCK,CLOTHES,1
Several lawyer,841.1,WITHDRAWN,STUG,2
Mother meeting,798.0,AVAILABLE,SPORT,1
Foot good,504.55,AVAILABLE,STUG,2
Team since,303.94,AVAILABLE,STUG,2
East realize,737.14,AVAILABLE,SPORT,2
Argue pressure,362.87,WITHDRAWN,SPORT,1
Speech seven,605.32,AVAILABLE,PANZER,1
Choose talk,770.25,AVAILABLE,CLOTHES,2
Police nice,610.51,WITHDRAWN,SPORT,2
Yet,235.43,OUT_OF_STOCK,STUG,1
White road bed,531.06,OUT_OF_STOCK,PANZER,2
Pressure party,522.39,WITHDRAWN,STUG,1
Shoulder add,498.54,AVAILABLE,STUG,2
Time choose,596.49,AVAILABLE,CLOTHES,2
Agreement,69.4,OUT_OF_STOCK,PANZER,1
Yes official,41.52,WITHDRAWN,STUG,2
Wife evidence,498.48,AVAILABLE,PANZER,2
Attack role,757.2,AVAILABLE,CLOTHES,2
Action center,934.58,OUT_OF_STOCK,CLOTHES,2
Little,878.64,AVAILABLE,CLOTHES,1
Sign behind,255.96,WITHDRAWN,CLOTHES,2
Really so few,210.96,OUT_OF_STOCK,STUG,2
Mission ball,311.13,WITHDRAWN,CLOTHES,2
Feeling floor,625.95,WITHDRAWN,PANZER,1
Skin it,114.85,WITHDRAWN,SPORT,2
Bar work these,963.69,OUT_OF_STOCK,CLOTHES,1
Situation,724.77,OUT_OF_STOCK,CLOTHES,2
Article ball,757.21,OUT_OF_STOCK,CLOTHES,1
Child develop,542.65,AVAILABLE,SPORT,1
Television,575.79,AVAILABLE,CLOTHES,2
TV western,868.17,OUT_OF_STOCK,STUG,2
Very would,865.22,WITHDRAWN,CLOTHES,1
Material red,699.38,OUT_OF_STOCK,SPORT,1
Vote friend,913.61,OUT_OF_STOCK,STUG,2
Nice idea,372.69,WITHDRAWN,STUG,2
Knowledge,598.61,WITHDRAWN,CLOTHES,2
Ability other,964.14,WITHDRAWN,PANZER,1
Skin time need,917.24,WITHDRAWN,PANZER,2
Throw single,145.8,WITHDRAWN,STUG,2
Two guy record,622.88,OUT_OF_STOCK,SPORT,2
Place line,754.03,AVAILABLE,PANZER,1
Instead move,657.0,WITHDRAWN,PANZER,1
Military,455.65,AVAILABLE,CLOTHES,2
Enough old,791.58,OUT_OF_STOCK,CLOTHES,1
Vote follow,239.35,WITHDRAWN,SPORT,2
Good business,184.69,AVAILABLE,CLOTHES,2
Herself,24.25,AVAILABLE,PANZER,1
Serve gas,826.82,OUT_OF_STOCK,PANZER,2
Especially,551.27,OUT_OF_STOCK,PANZER,1
Couple what,345.04,OUT_OF_STOCK,CLOTHES,1
Would see a,367.56,OUT_OF_STOCK,STUG,1
President,134.27,AVAILABLE,SPORT,1
Oil be side,690.77,WITHDRAWN,SPORT,1
Structure foot,423.13,OUT_OF_STOCK,CLOTHES,1
Floor thus how,377.95,WITHDRAWN,PANZER,1
Middle family,716.14,OUT_OF_STOCK,STUG,1
Western local,661.65,WITHDRAWN,SPORT,2
Leg born,738.1,AVAILABLE,PANZER,2
Reveal poor,692.49,AVAILABLE,CLOTHES,2
Voice theory,880.6,OUT_OF_STOCK,SPORT,2
Couple part,147.07,WITHDRAWN,CLOTHES,1
Rather surface,574.77,AVAILABLE,CLOTHES,1
Buy car beat,586.29,AVAILABLE,SPORT,2
According much,29.37,OUT_OF_STOCK,PANZER,2
Style simple,986.27,WITHDRAWN,STUG,1
Mention,688.21,AVAILABLE,PANZER,2
Character,472.2,AVAILABLE,CLOTHES,2
Cover local,913.64,WITHDRAWN,STUG,2
Doctor still,227.21,WITHDRAWN,SPORT,2
Old physical,567.04,WITHDRAWN,PANZER,1
Size against,220.31,OUT_OF_STOCK,PANZER,2
Minute include,753.93,OUT_OF_STOCK,CLOTHES,1
Century,458.16,WITHDRAWN,CLOTHES,1
Difference,731.06,WITHDRAWN,STUG,2
Management,16.61,WITHDRAWN,SPORT,1
Education life,250.07,WITHDRAWN,STUG,1
Rest movie say,558.14,AVAILABLE,PANZER,2
Cause network,174.93,OUT_OF_STOCK,SPORT,1
These summer,390.84,WITHDRAWN,PANZER,1
Scene far,436.76,OUT_OF_STOCK,PANZER,2
Require happen,701.74,WITHDRAWN,PANZER,1
Ahead career,576.14,WITHDRAWN,STUG,1
Left do,304.95,AVAILABLE,SPORT,1
Hit up unit,62.04,AVAILABLE,PANZER,1
Color career,550.36,OUT_OF_STOCK,PANZER,1
Skill down,266.91,WITHDRAWN,SPORT,1
Campaign,968.72,WITHDRAWN,PANZER,1
Interest Mr,745.42,AVAILABLE,SPORT,1
Particularly,995.59,WITHDRAWN,PANZER,1
Side above,12.44,OUT_OF_STOCK,CLOTHES,1
See reflect,874.38,AVAILABLE,STUG,1
Stand about it,709.04,OUT_OF_STOCK,STUG,2
Worry sort,311.28,WITHDRAWN,STUG,1
Woman left,421.77,AVAILABLE,PANZER,2
How result,477.44,WITHDRAWN,CLOTHES,1
Mind,875.68,WITHDRAWN,CLOTHES,2
Piece practice,400.43,WITHDRAWN,SPORT,2
Minute reflect,154.63,OUT_OF_STOCK,CLOTHES,2
Once material,26.87,AVAILABLE,CLOTHES,2
Pass standard,628.88,AVAILABLE,CLOTHES,1
Attack expect,166.94,OUT_OF_STOCK,SPORT,2
Enough,122.2,WITHDRAWN,CLOTHES,2
Fast teacher,975.37,AVAILABLE,SPORT,1
Picture,550.93,WITHDRAWN,CLOTHES,2
Something,727.59,AVAILABLE,PANZER,2
Star probably,58.81,WITHDRAWN,PANZER,1
Book,92.43,AVAILABLE,CLOTHES,1
This policy,950.08,OUT_OF_STOCK,PANZER,1
Child point,389.13,WITHDRAWN,STUG,2
Run deep claim,991.98,WITHDRAWN,PANZER,2
Girl class,286.86,OUT_OF_STOCK,STUG,1
Value section,634.47,AVAILABLE,SPORT,2
Media describe,338.92,OUT_OF_STOCK,STUG,1
Threat,498.39,OUT_OF_STOCK,STUG,1
Forward series,302.99,WITHDRAWN,STUG,1
Wrong,12.96,OUT_OF_STOCK,STUG,1
Church west,313.92,WITHDRAWN,SPORT,2
Remain score,581.92,OUT_OF_STOCK,STUG,1
Save police,504.99,WITHDRAWN,CLOTHES,1
Drop improve,954.52,AVAILABLE,STUG,2
Start effort,351.16,WITHDRAWN,SPORT,1
Finally cut,930.26,AVAILABLE,PANZER,2
Policy,977.46,AVAILABLE,PANZER,1
Wrong act,927.88,OUT_OF_STOCK,PANZER,1
